<?xml version="1.0" encoding="UTF-8" standalone="yes"?>
<addon id="plugin.video.citerkita"
	   name="[COLOR blue]Citer[/COLOR][COLOR white]Kita[/COLOR]"
	   version="2.1.0"
	   provider-name="2uk3y-Kodim-Ares-Streams">
  <requires>
    <import addon="script.module.requests" version="1.0.0" />
    <import addon="script.module.urlresolver" version="3.0.30" />
  </requires>
  <extension point="xbmc.python.pluginsource"
			 library="citerkita.py">
    	<provides>video</provides>
  </extension>
  <extension point="xbmc.addon.metadata">
    <summary>Sit Back &amp; Relax</summary>
    <description>Watch Malaysian Movies Online.

Please visit [COLOR orange]https://ares-project.uk[/COLOR] for support and assistance.</description>
    <disclaimer lang="en">The author does not host or distribute any of the content displayed by this addon. The author does not have any affiliation with the content provider.</disclaimer>
    <platform>all</platform>
    <license>GNU GENERAL PUBLIC LICENSE. Version 2, June 1991</license>
    <platform>all</platform>
  </extension>
</addon>
