<?xml version="1.0" encoding="UTF-8" standalone="yes"?>
<addon id="plugin.video.dramanice"
	   name="Dramanice"
	   version="3.3"
	   provider-name="2uk3y-Kodim-Ares-Streams">
  <requires>
    <import addon="script.module.requests" version="1.0.0" />
  </requires>
  <extension point="xbmc.python.pluginsource"
			 library="default.py">
    	<provides>video</provides>
  </extension>
  <extension point="xbmc.addon.metadata">
    <summary>Dramanice</summary>
    <description lang="en">Watch Your Favorite Korean Drama &amp; TV Shows Online From Dramanice.[CR][CR]Please visit [COLOR orange]https://ares-project.uk[/COLOR] for support and assistance.[CR][CR]This addon does not form part of the Kodi Media Centre. Please do not seek assistance with this addon from any of the Official Kodi Support Channels.[CR][CR]The author does not host any of the content in this addon and takes no responsibility for content found.</description>
    <disclaimer lang="en">The author of this addon do not host any of the content which is found and have no affiliation with any of the content providers. This addon simply searches websites for content. Use at your own risk!</disclaimer>
    <platform>all</platform>
    <license>GNU GENERAL PUBLIC LICENSE. Version 2, June 1991</license>

    <assets>
      <icon>icon.png</icon>
    </assets>
    <news>[B]3.3[/B][CR]Fix source.</news>
  </extension>
</addon>
