<?xml version="1.0" encoding="UTF-8" standalone="yes"?>
<addon id="repository.kodim" version="2017.09.16" name="[COLOR blue]K[/COLOR][COLOR white]ODIM repository[/COLOR]" provider-name="KODIM">
	<extension point="xbmc.addon.repository" name="KODIM repository">
		<dir>
			<info compressed="false">https://raw.githubusercontent.com/wakeras/KODIM/master/kodirepo/addons.xml</info>
			<checksum>https://raw.githubusercontent.com/wakeras/KODIM/master/kodirepo/addons.xml.md5</checksum>
			<datadir zip="true">https://raw.githubusercontent.com/wakeras/KODIM/master/kodirepo/</datadir>
		</dir>
	    <dir>
            <info compressed="false">https://raw.githubusercontent.com/Colossal1/repository.colossus.common/master/addons.xml</info>
            <checksum>https://raw.githubusercontent.com/Colossal1/repository.colossus.common/master/addons.xml.md5</checksum>
            <datadir zip="true">https://raw.githubusercontent.com/Colossal1/repository.colossus.common/master/</datadir>
        </dir>	    
        <dir>
		    <info compressed="false">https://raw.githubusercontent.com/ares-fortress/repo/master/addons.xml</info>
		    <checksum>https://raw.githubusercontent.com/ares-fortress/repo/master/addons.xml.md5</checksum>
		    <datadir zip="true">https://raw.githubusercontent.com/ares-fortress/repo/master/</datadir>
        </dir>        
	</extension>
	<extension point="xbmc.addon.metadata">
		<summary lang="en">KODIM repository</summary>
		<description lang="en">This repository contains KODIM and required dependencies.</description>
		<disclaimer lang="en">The Author does not host or share any content, nor is he affiliated with any of the content providers.</disclaimer>
		<platform>all</platform>
		<news>Moved to Github from Ares Repo to be independent</news>
		<assets>
			<icon>icon.png</icon>
			<fanart>fanart.jpg</fanart>
		</assets>
	</extension>
</addon>
