<?xml version="1.0" encoding="UTF-8" standalone="yes"?>
<addon id="repository.kodim" version="2017.07.5" name="KODIM repository" provider-name="KODIM">
	<requires>
		<import addon="xbmc.python" version="2.19.0" />
	</requires>
	<extension point="xbmc.addon.repository" name="KODIM repository">
		<dir minversion="14.0.0">
			<info compressed="false">https://raw.githubusercontent.com/wakeras/KODIM/master/kodirepo/addons.xml</info>
			<checksum>https://raw.githubusercontent.com/wakeras/KODIM/master/kodirepo/addons.xml.md5</checksum>
			<datadir zip="true">https://raw.githubusercontent.com/wakeras/KODIM/master/kodirepo/</datadir>
		</dir>
	</extension>
	<extension point="xbmc.addon.metadata">
		<summary lang="en">KODIM repository</summary>
		<description lang="en">This repository contains KODIM and required dependencies.</description>
		<disclaimer lang="en">The Author does not host or share any content, nor is he affiliated with any of the content providers.</disclaimer>
		<platform>all</platform>
		<news>Moved to Github from Ares Repo to be independent</news>
		<assets>
			<icon>icon.png</icon>
			<fanart>fanart.jpg</fanart>
		</assets>
	</extension>
</addon>
